"ppn","school","class","nom_like","SUS_1","SUS_2","SUS_3","SUS_4","SUS_5","SUS_6","SUS_7","SUS_8","group","cond_name","1_SELF_2easy40","1_SELF_6easy40","1_SELF_10easy40","1_SELF_2hard90","1_SELF_6hard90","1_SELF_10hard90","1_CLIMATE_2easy40","1_CLIMATE_6easy40","1_CLIMATE_10easy40","1_CLIMATE_2hard90","1_CLIMATE_6hard90","1_CLIMATE_10hard90","1_OTHERS_2easy40","1_OTHERS_6easy40","1_OTHERS_10easy40","1_OTHERS_2hard90","1_OTHERS_6hard90","1_OTHERS_10hard90","2_SELF_2easy40","2_SELF_6easy40","2_SELF_10easy40","2_SELF_2hard90","2_SELF_6hard90","2_SELF_10hard90","2_CLIMATE_2easy40","2_CLIMATE_6easy40","2_CLIMATE_10easy40","2_CLIMATE_2hard90","2_CLIMATE_6hard90","2_CLIMATE_10hard90","2_OTHERS_2easy40","2_OTHERS_6easy40","2_OTHERS_10easy40","2_OTHERS_2hard90","2_OTHERS_6hard90","2_OTHERS_10hard90"
2,1,6,"4,9,10,28",2,2,1,1,2,3,2,1,2,"neg_social_norm",1,1,1,1,1,1,1,1,1,1,1,1,1,1,1,1,1,1,1,1,1,1,1,1,1,1,1,1,1,1,1,1,1,1,1,1
3,1,6,NA,3,2,1,1,2,1,1,1,2,"neg_social_norm",1,1,1,1,1,1,1,1,1,1,1,1,1,1,1,1,1,1,1,1,1,1,1,1,1,1,1,1,1,1,1,1,1,1,1,1
4,1,6,"2,8,10,24,26",2,3,2,4,2,2,1,1,1,"pos_social_norm",1,1,1,1,1,2,1,1,1,1,1,1,1,1,1,1,1,2,1,1,1,1,1,1,1,1,1,1,1,1,1,1,1,1,1,1
5,1,6,"1,13,16,21,29",2,3,2,3,1,3,1,1,3,"control",1,2,1,1,1,1,1,1,2,2,2,1,1,1,1,1,2,1,1,1,1,1,1,1,1,1,1,1,1,1,1,1,1,1,1,1
6,1,6,"7,11,14,16",1,4,1,5,1,3,1,1,2,"neg_social_norm",1,1,1,1,1,2,1,1,1,1,1,1,1,1,1,1,1,1,1,1,1,1,1,1,1,1,1,1,1,1,1,1,1,1,1,1
7,1,6,"6,21,25",1,3,1,4,2,2,1,1,1,"pos_social_norm",1,1,1,1,1,1,1,1,1,1,1,1,1,1,1,1,1,1,1,1,1,1,1,1,1,1,2,1,1,1,1,1,1,1,1,1
9,1,6,"2",4,4,4,4,4,4,4,2,3,"control",1,1,1,1,1,1,1,1,1,1,1,1,1,1,1,1,1,1,1,1,1,1,1,1,1,1,1,1,1,1,1,1,1,1,1,1
13,1,6,"6",2,2,1,2,2,2,3,1,3,"control",1,1,1,1,1,1,1,1,1,1,1,2,1,1,1,1,1,1,1,1,1,1,1,1,1,1,1,1,1,1,1,1,1,1,1,1
14,1,6,"5",4,4,4,4,4,4,3,3,2,"neg_social_norm",1,1,1,1,1,2,2,1,1,1,2,1,1,1,1,2,1,1,1,1,1,1,1,1,1,1,1,1,1,1,1,1,1,1,1,1
15,1,6,"22",2,1,1,3,2,2,1,1,1,"pos_social_norm",1,1,1,1,1,1,1,1,1,1,1,1,2,1,1,2,1,1,1,1,1,2,1,1,1,1,1,2,1,1,1,1,1,2,1,1
16,1,6,"1,6,7,13,14",3,3,3,3,3,3,3,3,1,"pos_social_norm",1,2,1,2,1,1,1,1,1,2,2,2,1,1,1,1,1,1,2,1,1,1,2,1,1,1,1,2,1,1,2,1,1,1,1,1
18,1,6,"2,18,28",2,2,2,3,2,3,2,4,1,"pos_social_norm",2,1,1,1,1,1,1,1,1,1,1,1,1,1,1,2,1,1,1,1,1,1,1,1,1,1,1,1,1,1,1,1,1,1,1,1
20,1,6,NA,4,3,3,3,3,2,3,2,2,"neg_social_norm",1,1,1,1,1,1,2,1,1,1,2,1,1,1,1,1,1,1,1,1,1,1,1,1,1,1,1,1,1,1,1,1,1,1,1,1
23,1,6,"1,5,6,7,16",2,2,4,3,4,3,3,3,2,"neg_social_norm",1,1,1,1,1,1,1,1,1,1,1,1,1,1,1,2,1,1,1,1,1,1,1,1,1,1,1,1,1,1,1,1,1,1,1,1
25,1,6,"21",2,2,2,4,3,4,3,4,3,"control",1,1,1,2,1,1,1,1,1,1,1,1,2,1,1,1,1,1,1,1,1,1,1,1,1,1,1,1,1,1,1,1,1,2,1,1
26,1,6,"4,10",2,2,3,3,4,4,4,3,3,"control",1,1,1,1,1,1,1,1,2,1,1,1,1,1,1,1,1,1,1,1,1,2,1,1,1,1,1,2,1,1,1,1,1,2,1,1
28,1,6,"2,9,10,15,20",2,3,2,1,1,2,3,2,3,"control",1,1,1,1,1,1,2,1,1,1,1,1,1,1,1,1,1,1,1,1,1,1,1,1,1,1,1,1,1,1,1,1,1,1,1,1
29,1,6,"5,6,7,11,16",4,3,5,3,5,4,5,5,1,"pos_social_norm",1,1,1,1,1,1,1,1,1,1,1,1,1,1,1,1,1,1,1,1,1,1,1,1,1,1,1,1,1,1,1,1,1,1,1,1
30,1,7,"48,49,50,51,53",1,3,3,5,4,3,4,3,3,"control",1,1,1,1,1,1,1,1,1,1,1,1,1,1,1,1,1,1,1,NA,NA,1,1,1,1,1,1,NA,NA,NA,NA,1,1,NA,1,1
32,1,7,"38",1,1,1,1,1,1,1,1,2,"neg_social_norm",2,1,1,1,1,1,1,1,1,1,1,1,1,1,1,1,1,1,1,1,1,1,1,1,1,1,1,1,1,1,1,1,1,1,1,1
33,1,7,"52",1,3,2,5,1,1,3,1,3,"control",1,1,1,1,1,1,1,1,1,2,1,1,1,1,1,2,1,1,1,1,1,2,1,1,2,1,1,2,1,2,1,1,1,2,1,1
34,1,7,"30,47,51,52,54",2,1,1,2,2,2,2,1,1,"pos_social_norm",1,1,1,1,1,1,1,1,1,1,1,1,1,1,1,2,1,1,1,1,1,1,1,1,1,1,1,1,1,1,1,1,1,1,1,1
35,1,7,"40,53",3,4,3,3,3,2,3,3,2,"neg_social_norm",1,1,1,1,1,1,1,1,1,2,1,1,1,1,1,1,2,1,1,1,1,1,1,1,1,1,1,1,1,1,1,1,1,1,1,1
43,1,7,"37,38,47,52",1,3,1,3,2,1,4,4,1,"pos_social_norm",1,1,1,2,1,1,1,1,1,2,1,1,1,1,1,2,2,1,1,1,1,1,1,1,1,1,1,1,1,1,1,1,1,1,1,1
44,1,7,"35,45,53",1,5,4,4,3,3,3,4,1,"pos_social_norm",1,1,1,2,1,1,1,1,1,1,1,1,1,1,1,1,1,1,1,1,1,2,1,1,1,1,1,2,1,1,1,1,1,1,1,1
48,1,7,"30,34,47",3,3,4,3,4,4,3,4,2,"neg_social_norm",1,1,1,2,1,2,1,1,1,2,1,1,1,1,1,1,1,2,1,1,1,1,1,1,1,1,1,1,1,1,1,1,1,1,1,1
49,1,7,"30,32,33",3,3,3,4,4,1,1,3,3,"control",1,1,1,2,1,1,1,1,1,2,1,1,1,1,1,2,1,1,1,1,1,1,1,1,1,1,1,1,1,1,1,1,1,1,1,1
52,1,7,"37",3,3,1,4,1,1,1,1,1,"pos_social_norm",1,1,1,1,1,1,1,1,1,1,1,1,1,1,1,2,1,1,1,1,1,1,1,1,1,1,1,1,1,1,1,1,1,1,1,1
53,1,7,"31,35,40",3,4,2,5,4,2,4,3,1,"pos_social_norm",1,1,1,1,1,1,1,1,1,1,1,1,1,1,1,1,1,1,1,1,1,1,1,1,1,1,1,1,1,1,1,1,1,1,1,1
54,1,7,"30,48",1,2,1,2,1,1,2,1,2,"neg_social_norm",1,1,1,1,1,1,1,1,1,1,1,1,1,1,1,1,1,1,1,1,1,1,1,1,1,1,1,1,1,1,1,1,1,1,1,1
57,2,1,"74",1,3,1,5,1,3,3,1,3,"control",1,1,1,1,1,1,2,1,1,1,1,1,1,1,1,1,1,1,2,2,1,1,1,1,1,2,2,1,1,1,2,1,1,1,1,1
59,2,1,"61",1,4,1,5,1,2,1,1,1,"pos_social_norm",1,2,2,1,1,1,1,1,1,1,1,2,1,1,2,2,2,1,1,1,1,1,1,1,1,1,1,1,1,1,1,1,1,1,1,1
61,2,1,"61,69,77",3,5,3,5,3,5,5,3,3,"control",1,1,1,2,1,1,1,1,1,1,1,1,1,1,1,1,1,1,1,1,1,1,1,1,1,1,1,1,1,1,1,1,1,1,1,1
66,2,1,"65,73,78",1,3,2,4,2,2,1,1,1,"pos_social_norm",1,1,1,1,1,1,1,1,2,1,1,1,1,1,1,1,1,1,1,1,1,1,1,1,1,1,1,1,1,1,1,1,1,1,1,1
70,2,1,"78,79",3,3,2,4,2,3,3,4,3,"control",2,1,1,2,2,1,2,1,1,2,2,2,2,2,1,2,2,2,1,1,1,1,1,1,1,1,1,1,1,1,1,1,1,1,1,1
73,2,1,"65,66,75,78,82",3,2,3,5,5,4,5,3,2,"neg_social_norm",1,1,1,1,1,1,1,1,1,1,1,1,1,1,1,1,1,1,1,1,1,1,1,1,1,1,1,1,1,1,1,1,1,1,1,1
74,2,1,"55,64,71,80,81",3,4,4,5,3,4,3,1,2,"neg_social_norm",1,1,1,1,1,1,1,1,1,1,1,2,2,1,1,1,1,1,1,1,1,1,1,1,1,1,1,1,1,1,1,1,1,1,1,2
80,2,1,"68,71,74,76,81",1,5,2,3,1,2,2,1,3,"control",1,1,1,1,1,1,1,1,1,1,1,1,1,1,1,2,1,1,2,1,1,2,1,2,1,2,1,NA,2,NA,2,1,1,2,1,NA
83,2,1,"58,59,64,69,79",2,4,4,4,3,4,5,1,3,"control",1,1,1,1,2,1,1,1,1,1,1,1,1,1,1,1,1,1,1,1,1,1,1,1,1,1,1,1,1,1,1,1,1,1,1,1
85,2,2,"89,90,92,93,103",2,2,2,3,3,2,3,2,2,"neg_social_norm",2,1,1,1,1,1,1,2,1,1,1,1,1,1,1,1,1,1,1,1,1,1,1,1,1,1,1,1,1,1,1,1,1,1,1,1
87,2,2,"95,96,110,113",2,4,4,3,4,3,4,3,3,"control",1,1,1,1,1,1,1,1,1,1,1,1,2,1,1,1,2,1,1,1,1,1,1,1,1,1,1,1,1,1,1,1,1,1,1,1
88,2,2,"94",2,1,2,1,1,2,2,1,3,"control",1,1,1,2,1,1,1,1,1,2,1,1,1,1,1,2,1,1,1,1,1,2,1,1,1,1,1,2,1,1,1,1,1,1,1,1
89,2,2,NA,2,2,2,4,2,2,1,1,1,"pos_social_norm",2,2,1,1,2,1,2,1,1,2,2,2,2,2,2,1,1,2,1,1,1,1,1,1,1,1,1,1,1,1,1,1,1,2,1,1
92,2,2,"96,101,102,110",3,4,3,4,3,3,4,2,1,"pos_social_norm",1,1,1,1,1,1,1,1,1,1,1,1,1,1,1,1,1,1,1,1,1,1,1,1,2,1,1,1,1,1,1,1,1,1,1,1
93,2,2,"85,89,90,100,105",3,3,3,4,4,5,5,5,2,"neg_social_norm",1,1,1,1,1,1,1,1,1,2,1,1,1,1,1,2,1,1,1,1,1,2,1,1,1,1,1,2,1,1,1,1,1,2,1,1
95,2,2,"87,97,113",4,2,4,3,4,4,4,3,2,"neg_social_norm",1,1,1,2,1,1,1,1,1,1,1,1,1,1,1,2,1,1,1,1,1,1,1,1,1,1,1,1,1,1,1,1,1,2,1,1
96,2,2,"86,92,93,102,110",1,5,1,4,1,2,1,1,2,"neg_social_norm",1,1,1,2,1,1,1,1,1,2,1,1,1,1,1,1,1,1,1,1,1,2,2,2,1,1,1,2,1,1,1,1,1,2,2,1
100,2,2,"90,92,93,104,105",NA,NA,NA,NA,NA,NA,NA,NA,1,"pos_social_norm",1,1,1,1,1,1,1,1,1,1,1,1,1,1,1,1,1,1,1,1,1,1,1,1,1,1,1,1,1,1,1,1,1,1,1,1
102,2,2,"96,101,110",2,3,2,4,2,2,2,1,1,"pos_social_norm",1,1,1,2,1,1,1,1,1,1,1,1,1,1,1,1,1,1,1,1,1,1,1,1,1,1,1,1,1,1,1,1,1,1,1,1
103,2,2,"85,88",2,1,1,1,3,3,2,2,1,"pos_social_norm",1,1,1,1,1,1,1,1,1,1,1,1,1,1,1,2,1,1,1,1,1,1,1,1,1,1,1,1,1,1,1,1,1,1,1,1
104,2,2,"108",2,3,5,4,1,1,5,5,2,"neg_social_norm",1,1,1,1,1,1,1,1,1,2,1,1,2,1,1,2,1,1,1,1,1,1,1,1,1,1,1,2,1,1,1,1,1,1,1,1
106,2,2,"106",2,3,2,2,3,2,2,1,3,"control",1,1,2,2,2,1,1,1,1,1,1,2,1,1,1,1,1,1,1,1,1,1,1,1,1,1,1,1,1,1,1,1,1,1,1,1
113,2,2,"87,95,97,105",3,2,3,4,3,2,3,1,3,"control",1,1,1,1,1,1,2,1,1,2,1,1,2,2,1,2,1,1,1,1,1,2,1,1,1,1,2,2,1,2,1,1,1,2,1,2
116,2,3,"135,136",4,3,3,5,3,2,2,1,1,"pos_social_norm",1,1,1,2,1,1,1,1,1,2,1,1,1,1,1,1,2,1,1,1,1,1,1,1,1,1,1,1,1,1,1,1,1,1,1,1
117,2,3,"122,123,126,127,133",3,2,2,2,1,2,2,1,2,"neg_social_norm",1,1,1,1,1,1,1,1,1,1,1,1,1,1,1,1,1,1,1,1,1,1,1,1,1,1,1,1,1,1,1,1,1,1,1,1
118,2,3,"124,135,136",4,3,5,5,5,4,5,1,2,"neg_social_norm",1,1,1,2,1,1,1,1,1,1,2,1,1,1,1,1,1,1,1,1,1,1,1,1,1,1,1,1,1,1,1,1,1,1,1,1
120,2,3,"114",5,3,5,4,5,4,5,2,1,"pos_social_norm",1,1,1,1,1,1,1,1,1,1,1,1,1,1,1,1,2,1,1,1,1,1,1,1,1,1,1,2,1,1,1,1,1,2,1,1
121,2,3,"118,131,135,136",5,5,3,5,4,2,3,3,1,"pos_social_norm",1,1,1,1,1,1,1,1,1,1,1,1,1,1,1,1,1,1,1,1,1,1,1,1,1,1,1,1,1,1,1,1,1,1,1,1
124,2,3,"118",3,3,1,3,1,1,1,1,2,"neg_social_norm",1,1,1,1,1,1,1,1,2,2,1,1,1,1,1,1,1,1,2,1,1,1,2,1,1,1,1,1,1,1,2,1,1,1,1,1
125,2,3,"127",2,1,2,2,1,1,3,1,2,"neg_social_norm",1,1,1,1,1,1,1,1,1,1,1,1,1,1,1,1,1,1,1,1,1,1,1,1,1,1,1,1,1,1,1,1,1,1,1,1
126,2,3,"115,132",2,2,2,2,1,2,2,1,3,"control",1,2,2,2,2,2,1,1,1,1,1,1,1,1,1,1,1,1,2,2,2,2,2,2,1,1,1,1,1,1,1,1,1,1,1,1
128,2,3,"121,134,135,136",3,3,4,4,4,5,5,3,2,"neg_social_norm",1,1,1,1,1,1,1,1,1,1,1,1,2,1,1,1,1,1,1,1,1,1,1,1,1,1,1,2,1,1,1,1,1,1,1,1
132,2,3,"115,126,127",2,3,5,4,5,3,5,4,1,"pos_social_norm",2,1,1,1,1,1,1,1,1,1,1,1,1,1,1,1,1,2,1,1,1,1,1,1,1,1,1,1,1,1,1,1,1,2,1,1
133,2,3,"117,122,123,127,129",3,4,4,5,4,5,4,4,2,"neg_social_norm",1,1,1,2,1,1,1,1,1,1,1,1,1,1,1,2,1,1,1,1,1,1,1,1,1,1,1,2,1,1,1,1,1,1,1,1
134,2,3,"119,124,131,136",3,3,4,3,4,3,3,3,2,"neg_social_norm",1,1,1,1,1,1,1,1,1,1,1,1,1,2,1,1,1,1,1,1,1,1,1,1,1,1,1,1,1,1,1,1,1,1,1,1
137,2,4,"142,147,153,154",2,3,2,3,2,1,2,1,3,"control",1,1,1,2,1,1,1,1,1,2,1,1,2,2,1,1,2,1,1,1,1,1,1,1,1,1,1,2,1,1,1,1,1,1,1,1
140,2,4,"141,145",2,4,2,4,2,4,4,3,3,"control",1,1,1,1,1,2,1,1,1,1,1,1,1,1,1,1,1,1,1,1,1,1,1,1,1,1,1,1,1,1,1,1,1,1,1,1
141,2,4,"138,142,143,145,150",2,4,1,3,1,2,1,2,3,"control",1,1,1,1,1,1,1,1,1,1,1,1,1,1,1,1,1,1,1,1,1,1,1,1,1,1,1,1,1,1,1,1,1,1,1,1
142,2,4,"137,143,152,153,154",2,2,3,4,4,3,4,3,3,"control",1,1,1,1,1,1,1,1,1,1,1,1,1,1,1,1,1,1,1,1,1,1,1,1,1,1,1,1,1,1,1,1,1,1,1,1
144,2,4,NA,3,2,1,4,2,2,4,2,1,"pos_social_norm",1,1,1,1,1,1,1,1,1,1,1,1,1,1,2,2,1,1,1,1,1,1,1,1,1,1,1,1,1,1,1,1,1,1,1,1
147,2,4,"137,154",3,2,3,2,4,5,3,4,3,"control",1,1,1,1,1,1,1,1,1,1,1,1,2,1,1,1,1,1,1,1,1,1,1,1,1,1,1,1,1,1,1,1,1,1,1,1
151,2,4,"138,140,141,143,149",NA,NA,NA,NA,NA,NA,NA,NA,1,"pos_social_norm",1,1,1,1,1,1,1,1,1,1,1,1,1,1,1,2,1,1,1,1,1,1,1,1,1,1,1,1,1,1,1,1,1,1,1,1
153,2,4,"137,150",3,3,3,3,3,3,3,1,1,"pos_social_norm",1,1,1,1,1,1,1,1,1,1,1,1,1,1,1,1,1,1,1,1,1,1,1,1,1,1,1,1,1,1,1,1,1,2,1,1
154,2,4,"137,147",2,3,2,3,2,4,3,2,2,"neg_social_norm",1,1,1,1,1,1,2,1,1,1,1,1,2,2,2,1,1,1,1,1,1,1,1,1,1,1,1,2,1,2,1,1,1,2,1,1
159,2,5,"156,162,167,169,183",2,3,2,4,3,1,2,2,1,"pos_social_norm",1,1,1,1,1,1,1,1,1,1,1,1,1,1,1,1,1,1,1,1,1,1,1,1,1,1,1,1,1,1,1,1,1,1,1,1
162,2,5,"162,169",1,1,1,1,1,1,2,1,2,"neg_social_norm",1,1,1,1,1,1,1,1,1,1,1,1,1,1,1,1,2,1,1,1,1,1,1,1,1,1,1,1,1,1,1,1,1,1,1,1
165,2,5,"178",1,1,1,1,1,1,1,1,3,"control",1,1,1,2,1,1,1,1,1,2,2,1,1,1,1,1,1,1,1,1,1,2,1,1,1,1,1,2,1,1,1,1,1,2,1,1
167,2,5,"159,165,170,177,178",3,4,3,4,2,2,3,1,3,"control",1,1,1,1,1,1,1,1,1,1,1,1,1,1,1,1,1,1,1,1,1,1,1,1,1,1,1,1,1,1,1,1,1,1,1,1
169,2,5,"156,159,162,175",1,1,2,2,4,3,2,3,3,"control",1,2,1,1,1,1,1,1,1,1,1,1,1,1,1,1,1,1,1,1,1,1,1,1,1,1,1,1,1,1,1,1,1,1,1,1
170,2,5,"158,164,167,177,178",3,4,3,4,3,2,2,2,1,"pos_social_norm",1,1,1,1,1,2,1,1,1,1,1,2,1,1,1,1,2,1,1,1,1,1,1,1,1,1,1,1,1,1,1,1,1,1,1,1
172,2,5,"161,176,179",3,4,3,5,3,3,4,3,3,"control",1,2,1,2,1,2,1,1,1,2,2,1,1,1,1,1,1,1,1,1,1,1,1,1,1,1,1,1,1,1,1,1,1,1,1,1
173,2,5,"163,166,180",3,3,2,3,3,3,3,3,1,"pos_social_norm",1,1,1,1,1,1,1,1,1,1,1,1,1,1,1,1,2,1,1,1,1,1,1,1,1,1,1,1,1,1,1,1,1,1,1,1
174,2,5,"162,166,169,175,182",2,3,2,4,2,2,2,1,3,"control",2,1,1,1,1,1,1,1,1,1,1,1,1,1,1,1,2,1,1,1,1,1,1,1,1,1,1,1,1,1,1,1,1,1,1,1
175,2,5,"159,162,169,174",2,3,2,1,2,3,1,1,2,"neg_social_norm",1,1,1,2,1,1,1,1,1,1,1,1,1,1,1,1,1,1,1,1,1,1,1,1,1,1,1,1,1,1,1,1,1,1,1,1
177,2,5,"164,167,170,174,178",2,5,4,5,5,4,5,1,1,"pos_social_norm",1,1,1,1,1,1,1,1,1,1,1,1,1,1,1,1,1,1,1,1,1,1,1,1,1,1,1,1,1,1,1,1,1,1,1,1
179,2,5,"161",5,4,5,3,5,5,5,5,2,"neg_social_norm",1,2,2,1,2,2,1,1,1,1,1,1,1,1,1,1,1,1,2,2,1,2,2,2,1,1,1,1,1,1,1,1,1,1,1,1
181,2,5,"157,160,171,176,181",2,2,2,3,3,2,3,2,2,"neg_social_norm",1,1,1,2,1,1,1,1,1,2,1,1,1,1,1,1,1,1,1,1,1,2,1,1,1,1,1,1,1,1,1,1,1,1,1,1
184,2,5,"165",1,1,1,1,1,1,1,1,1,"pos_social_norm",1,1,1,1,1,1,1,2,2,2,2,2,2,1,1,2,2,1,1,1,1,1,1,1,2,2,2,2,2,2,2,2,2,2,2,2
188,3,8,"193,194,195,196,198",3,4,3,3,3,2,4,3,1,"pos_social_norm",1,1,1,1,1,1,1,1,1,1,1,1,1,1,1,1,1,1,1,1,1,1,1,1,1,1,1,1,1,1,1,1,1,1,1,1
192,3,8,"199,202,203,205,209",2,3,1,5,1,3,2,3,3,"control",1,1,1,1,1,1,1,1,1,1,1,1,1,1,1,1,1,1,1,1,1,1,1,1,1,1,1,1,1,1,1,1,1,1,1,1
201,3,8,"187,190,197,204,210",3,3,1,1,2,2,1,1,2,"neg_social_norm",1,1,1,1,1,1,1,1,1,1,1,1,1,1,1,1,1,1,1,1,1,1,1,1,1,1,1,1,1,1,1,1,1,1,1,1
218,3,9,"231",5,5,4,5,4,5,5,3,3,"control",1,1,1,1,1,1,1,1,1,1,1,1,1,1,1,1,1,1,1,1,1,1,1,1,1,1,1,1,1,1,1,1,1,1,1,1
219,3,9,"218,222,224,235,240",2,4,3,5,3,5,3,5,1,"pos_social_norm",1,1,1,1,1,1,1,1,1,1,1,1,1,1,1,2,1,1,1,1,1,1,1,1,1,1,1,1,1,1,1,1,1,1,1,1
221,3,9,"218,223,225,249",3,5,1,5,1,3,2,1,1,"pos_social_norm",1,1,1,1,1,1,1,1,1,1,1,1,2,1,1,1,1,1,1,1,1,1,1,1,2,2,1,1,1,1,1,2,2,2,2,2
222,3,9,"219,234,241",3,3,4,4,3,3,4,3,2,"neg_social_norm",1,1,1,1,1,1,1,1,1,1,1,1,1,1,1,1,1,1,1,1,1,1,1,1,1,1,1,1,1,1,1,1,1,1,1,1
223,3,9,NA,4,5,1,3,1,2,4,5,3,"control",1,1,1,1,1,1,1,1,1,1,1,1,1,1,1,1,1,1,1,1,1,1,1,1,1,1,1,1,1,1,1,1,1,1,1,1
224,3,9,"218,222,230,239,240",2,1,1,1,1,1,1,1,1,"pos_social_norm",1,1,1,1,1,2,1,1,1,2,1,1,1,1,1,1,1,1,1,1,1,1,1,1,1,1,1,2,1,1,1,1,1,1,1,1
225,3,9,"218,222,226,229,240",5,4,2,4,3,5,4,3,3,"control",2,1,1,2,1,1,1,2,2,1,1,1,1,1,1,2,2,1,2,1,1,2,1,1,1,1,2,2,2,2,1,1,1,2,2,2
229,3,9,"223,226,234",3,5,3,1,3,3,3,1,2,"neg_social_norm",1,1,1,1,1,1,1,1,1,1,1,1,1,1,1,1,1,1,1,1,1,1,1,1,1,1,1,1,1,1,1,1,1,1,1,1
230,3,9,"218,222,227,229,234",2,3,2,2,2,2,3,3,1,"pos_social_norm",1,1,1,1,1,1,1,1,1,1,1,1,2,1,1,1,1,1,1,1,1,1,1,1,1,1,1,1,1,1,1,1,1,1,1,1
233,3,9,"243",2,2,2,4,2,2,2,5,2,"neg_social_norm",1,1,1,1,1,1,1,1,1,1,1,1,2,1,1,1,1,1,1,1,1,1,1,1,1,1,1,1,1,1,1,1,1,1,1,1
235,3,9,"219,224,235,239,240",2,2,1,3,2,1,1,2,1,"pos_social_norm",1,1,1,1,1,1,1,1,1,1,1,1,1,1,1,2,1,1,1,1,1,2,1,1,1,1,1,2,1,1,1,1,1,2,1,1
236,3,9,"237,238",2,4,3,4,3,3,3,3,1,"pos_social_norm",1,1,1,1,1,1,1,1,1,1,1,1,1,1,1,1,1,1,1,1,1,1,1,1,1,1,1,1,1,1,1,1,1,1,1,1
237,3,9,"233,235,241,243",2,3,3,4,2,2,1,2,2,"neg_social_norm",1,1,1,1,1,1,1,1,1,1,1,1,1,1,1,1,1,1,1,1,1,1,1,1,1,1,1,1,1,1,1,1,1,1,1,1
238,3,9,"238",4,3,3,3,3,3,3,3,1,"pos_social_norm",2,1,1,2,1,1,1,1,1,2,1,1,1,1,1,1,1,1,1,1,1,1,1,1,1,1,1,1,1,1,1,1,1,1,1,1
239,3,9,"218,222,235,250",2,3,2,3,2,3,2,2,2,"neg_social_norm",1,1,1,1,2,1,1,1,1,1,1,1,1,1,1,1,1,1,1,1,1,1,1,1,1,1,1,1,1,1,1,1,1,1,1,1
240,3,9,"219,222,224,235,239",2,2,1,4,2,3,3,1,3,"control",1,1,1,1,1,1,1,1,1,1,1,1,1,1,1,1,1,1,1,1,1,1,1,1,1,1,1,1,1,1,1,1,1,1,1,1
241,3,9,"218,222,247",4,3,4,3,4,2,5,3,1,"pos_social_norm",1,1,1,1,1,1,1,2,1,1,1,1,1,1,1,2,1,1,1,1,1,2,1,1,1,1,1,2,1,2,1,1,1,1,1,2
242,3,9,"220,228,233,238,246",1,2,2,4,1,2,1,1,3,"control",1,1,1,1,1,1,1,1,1,1,1,1,1,1,1,1,1,1,1,1,1,1,1,1,1,1,1,1,1,1,1,1,1,1,1,1
243,3,9,"220,231,232,233,246",1,1,1,1,1,1,1,1,1,"pos_social_norm",1,1,1,2,1,1,1,1,1,2,1,1,1,1,1,2,1,1,1,1,1,2,1,1,1,1,1,2,1,1,1,1,1,2,1,1
245,3,9,"228,237,246,247",2,2,1,4,1,1,1,2,3,"control",1,1,1,1,1,1,1,1,1,1,1,1,1,1,1,2,1,1,1,1,1,1,1,1,1,1,1,1,1,1,1,1,1,1,1,1
246,3,9,"232,237,238,245,247",4,3,2,5,3,4,2,3,2,"neg_social_norm",1,1,1,1,1,1,1,1,1,1,1,1,1,1,1,1,1,1,1,1,1,1,1,1,1,1,1,1,1,1,1,1,1,1,1,1
247,3,9,"218,228,246,247,248",1,1,1,1,1,1,1,1,2,"neg_social_norm",1,1,1,2,1,2,1,1,1,2,1,1,1,1,1,2,1,1,1,1,1,2,1,1,1,1,1,2,1,1,1,1,1,2,1,1
249,3,9,"218,222",4,3,3,5,4,3,3,2,3,"control",2,1,1,2,2,1,2,1,1,2,2,1,2,1,1,2,1,1,1,1,1,1,1,1,1,1,1,2,1,1,1,1,1,2,1,1
253,3,10,"263,276",NA,NA,NA,NA,NA,NA,NA,NA,2,"neg_social_norm",1,1,1,1,2,1,2,1,1,1,2,1,1,1,1,2,1,1,2,1,1,2,2,2,2,1,1,2,2,1,1,2,1,2,2,2
256,3,10,"257,268",3,2,2,4,3,3,4,2,2,"neg_social_norm",1,1,1,2,1,1,1,1,1,2,1,1,1,1,1,2,1,2,1,1,1,2,1,1,1,1,1,2,1,2,1,1,1,2,1,1
260,3,10,"262,266",NA,NA,NA,NA,NA,NA,NA,NA,3,"control",1,1,1,1,1,1,1,1,1,2,1,1,2,2,1,1,1,1,1,1,1,1,1,1,1,1,1,1,1,1,1,1,1,1,1,1
261,3,10,"262,276,277",2,1,2,3,1,1,2,3,1,"pos_social_norm",1,1,1,1,1,1,1,1,1,1,1,1,1,1,1,2,1,1,1,1,1,1,1,1,1,1,1,2,1,1,1,1,1,1,1,1
262,3,10,"261,263,276,277,282",3,2,3,3,3,3,2,2,3,"control",1,1,1,1,1,1,1,1,1,1,1,1,1,1,1,1,1,1,1,1,1,1,1,1,1,1,1,1,1,1,1,1,1,1,1,1
263,3,10,"253,264",2,2,1,2,2,3,2,1,1,"pos_social_norm",1,1,1,1,1,1,1,1,1,1,1,1,1,1,1,1,1,1,1,1,1,1,1,1,1,1,1,1,1,1,1,1,1,1,1,1
264,3,10,"253,255,272,276,282",1,2,1,3,2,2,1,1,2,"neg_social_norm",1,1,1,1,1,1,1,1,1,1,1,1,1,1,1,1,1,1,1,1,1,1,1,1,1,1,1,1,1,1,1,1,1,1,1,1
266,3,10,"260,261,262,277,281",NA,NA,NA,NA,NA,NA,NA,NA,3,"control",1,1,1,1,1,1,2,1,1,1,1,1,1,1,1,1,1,1,1,1,1,1,1,1,1,1,1,1,1,1,1,1,1,1,1,1
269,3,10,"273",1,1,1,1,1,1,1,1,3,"control",1,1,1,1,1,1,1,1,1,1,1,1,1,1,1,1,1,1,1,1,1,1,1,1,1,1,1,1,1,1,1,1,1,1,1,1
270,3,10,"259",2,2,1,4,2,3,2,2,1,"pos_social_norm",1,1,1,1,1,1,1,1,1,1,1,1,1,1,1,1,1,1,1,1,1,1,1,1,1,1,1,1,1,1,1,1,1,1,1,1
274,3,10,"265,270,273,275",1,1,1,1,1,1,1,1,3,"control",1,1,1,1,1,1,1,1,1,1,1,1,1,1,1,1,1,1,1,1,1,1,1,1,1,1,1,1,1,1,1,1,1,1,1,1
278,3,10,"254,260,265,278",3,3,3,3,3,3,3,3,2,"neg_social_norm",1,1,1,1,1,1,1,1,1,1,1,1,1,1,1,1,1,1,1,1,1,1,1,1,2,1,1,1,2,1,1,1,1,1,1,2
283,3,11,"303",3,2,1,4,4,3,4,2,2,"neg_social_norm",1,1,1,1,1,1,1,1,1,2,1,1,1,1,1,1,1,1,1,1,1,1,1,1,1,1,1,1,1,1,1,1,1,2,1,1
296,3,11,"287,307",NA,NA,NA,NA,NA,NA,NA,NA,3,"control",1,1,1,1,1,1,1,1,1,1,1,1,1,1,1,1,1,1,1,1,1,1,1,1,1,1,1,1,1,1,1,1,1,1,1,1
297,3,11,"292",3,3,2,3,4,2,3,3,3,"control",1,1,1,1,1,1,1,1,1,1,1,1,1,1,1,1,1,1,1,1,1,1,1,1,1,1,1,1,1,1,1,1,1,1,1,1
302,3,11,"285,304,309,313",1,3,2,3,2,2,3,4,1,"pos_social_norm",1,1,1,1,1,1,1,1,1,2,1,1,1,1,1,1,1,1,1,1,1,1,1,1,1,1,1,1,1,1,1,1,1,1,1,1
303,3,11,"298,308",3,3,3,4,3,3,2,4,3,"control",1,1,1,1,1,1,1,1,1,1,1,1,1,1,1,1,1,1,1,1,1,2,1,1,1,1,1,2,1,1,1,1,1,2,1,1
305,3,11,"283,288,303,312",2,4,2,4,1,3,1,1,2,"neg_social_norm",1,1,1,1,1,1,1,1,1,1,1,1,1,1,1,1,1,1,1,1,1,1,1,1,1,1,1,1,1,1,1,1,1,1,1,1
315,3,12,"318,332,335,337,338",3,4,2,3,1,2,1,3,3,"control",1,1,1,2,2,1,1,1,1,2,1,2,1,1,1,2,2,1,2,1,1,2,2,1,1,1,1,2,1,1,1,1,1,2,2,1
317,3,12,"315,318,334,337",3,4,1,3,1,2,5,1,2,"neg_social_norm",1,1,1,1,1,1,1,1,1,1,1,1,1,1,1,1,1,1,1,1,1,1,1,1,1,1,1,1,1,1,1,1,1,1,1,1
319,3,12,"316,321,322,330,341",3,3,3,3,2,3,4,3,1,"pos_social_norm",1,1,1,1,2,1,1,1,1,2,1,1,1,1,1,1,1,2,1,1,1,1,1,1,1,1,1,1,1,1,1,1,1,1,1,1
322,3,12,"315",2,2,2,5,2,3,2,2,3,"control",1,1,1,1,1,1,1,1,1,1,1,1,1,1,1,1,1,1,1,1,1,1,1,1,1,1,1,2,2,1,1,2,2,2,2,2
325,3,12,"322",2,4,2,3,2,3,3,2,3,"control",1,1,1,1,1,1,1,1,1,1,1,1,1,1,1,1,1,1,1,1,1,1,1,1,1,1,1,1,1,1,1,1,1,1,1,1
326,3,12,"315,317,327,335,340",5,5,4,5,1,3,5,1,2,"neg_social_norm",1,1,1,1,1,1,1,1,1,1,1,1,1,1,1,1,1,1,1,1,1,1,1,1,1,1,1,1,1,1,1,1,1,1,1,1
330,3,12,"319,321,345",3,2,2,2,2,2,1,1,1,"pos_social_norm",1,1,1,1,1,1,1,1,1,1,1,1,1,1,1,1,1,1,1,1,1,1,1,1,1,1,1,1,1,1,1,1,1,1,1,1
331,3,12,"315,330,335,339,344",3,4,2,1,2,3,3,2,3,"control",1,1,2,1,1,2,2,1,1,2,1,1,1,1,1,1,1,1,1,1,1,1,1,1,1,1,1,1,1,1,1,1,1,1,1,1
335,3,12,"315,318,331,337,346",4,5,5,2,5,5,4,3,1,"pos_social_norm",1,1,1,1,1,1,1,1,1,2,1,1,1,1,1,1,1,1,1,1,1,1,1,1,1,1,1,2,1,1,1,1,1,1,1,1
338,3,12,"315,318,335,337",2,2,2,2,2,2,2,2,2,"neg_social_norm",1,1,1,2,1,1,1,1,1,1,1,1,1,1,1,2,1,1,1,1,1,2,1,1,1,1,1,2,1,1,1,1,1,2,1,1
340,3,12,"326,327,336",2,3,1,3,1,3,1,1,2,"neg_social_norm",1,1,1,1,1,1,1,1,1,1,1,1,1,1,1,2,1,1,1,1,1,1,1,1,1,1,1,2,1,1,1,1,1,1,1,1
341,3,12,"321,322,325,330,333",1,1,1,3,1,1,3,1,3,"control",1,1,1,1,1,1,1,1,1,1,1,1,1,1,1,1,1,1,1,1,1,1,1,1,1,1,1,1,1,1,1,1,1,1,1,1
344,3,12,"326,327,329,331,340",3,3,3,3,3,3,3,3,1,"pos_social_norm",1,1,1,1,1,1,1,1,1,1,1,1,1,1,1,1,1,1,NA,NA,NA,NA,NA,NA,NA,NA,NA,NA,NA,NA,NA,NA,NA,NA,NA,NA
346,3,12,"338",2,2,2,4,2,2,3,2,1,"pos_social_norm",1,1,1,1,1,1,1,1,1,1,1,1,1,1,1,1,1,1,1,1,1,1,1,1,1,1,1,1,1,1,1,1,1,1,1,1
347,3,13,"352,358,366",3,3,3,4,2,4,3,3,2,"neg_social_norm",1,1,1,1,1,1,1,1,1,1,1,1,1,1,1,1,1,1,1,1,1,1,1,1,1,1,1,1,1,1,1,1,1,1,1,1
348,3,13,"356,368",2,3,2,4,2,4,1,3,2,"neg_social_norm",1,1,1,2,1,1,1,1,1,1,1,1,1,1,1,1,1,1,1,1,1,1,1,1,1,1,1,1,1,1,1,1,1,1,1,1
349,3,13,"347,351,354,358,367",2,4,1,4,1,1,1,1,3,"control",1,1,1,1,1,1,1,1,1,1,1,1,1,1,1,1,1,1,1,1,1,1,1,1,1,1,1,1,1,1,1,1,1,1,1,1
350,3,13,"350,354,357,359,361",3,3,3,4,3,5,3,3,3,"control",1,1,1,2,1,1,2,2,1,1,1,1,1,1,1,1,2,1,1,1,1,1,1,1,1,1,1,1,1,1,1,1,1,1,1,1
351,3,13,"349",5,1,5,5,5,5,5,5,2,"neg_social_norm",1,1,1,1,1,1,1,1,1,2,2,1,1,2,1,2,1,1,1,1,1,2,1,1,1,1,1,1,1,1,1,1,1,2,1,1
353,3,13,"359,360,363",2,1,3,5,3,5,1,2,2,"neg_social_norm",1,1,1,1,1,1,1,2,1,1,1,1,1,1,1,1,1,2,1,1,1,1,1,1,1,1,1,1,1,1,1,1,1,2,1,2
357,3,13,"350,354,362,364,367",2,2,1,2,1,1,3,1,1,"pos_social_norm",1,1,1,1,1,1,1,1,1,2,1,1,1,1,2,2,1,1,1,1,1,1,1,1,1,1,1,2,1,1,1,1,1,2,1,1
358,3,13,"347,352,362,364,366",1,1,1,4,1,1,1,2,3,"control",1,1,1,1,1,1,1,1,1,1,1,1,1,1,1,1,1,1,1,1,1,1,1,1,1,1,1,1,1,1,1,1,1,1,1,1
359,3,13,NA,4,3,4,3,4,3,2,2,3,"control",1,1,1,1,1,1,1,1,1,1,1,1,1,1,1,1,1,1,1,1,1,1,1,1,1,1,1,1,1,1,1,1,1,1,1,1
360,3,13,"352,355,359,363,369",1,1,1,1,1,1,1,1,3,"control",1,1,1,1,1,1,1,1,1,1,1,1,1,1,1,1,1,1,1,1,1,1,1,1,1,1,1,2,1,2,2,1,1,2,2,1
362,3,13,"350,354,358,360,366",1,3,1,4,1,1,2,1,1,"pos_social_norm",1,1,1,2,1,1,1,1,1,1,1,1,1,1,1,2,1,1,1,1,1,1,1,1,1,1,1,1,1,1,1,1,1,1,1,1
363,3,13,"365,369",1,3,1,3,1,1,1,1,2,"neg_social_norm",1,1,1,1,1,1,1,1,1,1,1,1,1,1,1,1,1,1,1,1,1,1,1,1,1,1,1,1,1,1,1,1,1,1,1,1
364,3,13,"347,349,354,357,358",1,1,1,3,1,1,1,1,1,"pos_social_norm",1,1,1,1,1,1,1,1,1,1,1,1,1,1,1,1,1,1,1,1,1,1,1,1,1,1,1,1,1,1,1,1,1,1,1,1
365,3,13,"354,363",2,2,2,4,2,2,2,1,1,"pos_social_norm",1,1,1,2,1,1,1,1,1,1,1,1,1,1,1,1,1,1,1,1,1,1,1,1,1,1,1,1,1,1,1,1,1,1,1,1
366,3,13,"347,351,358,362,363",1,1,1,1,1,1,1,1,1,"pos_social_norm",1,1,1,2,1,1,1,1,1,1,1,1,1,1,1,2,1,1,1,1,1,1,1,1,1,1,1,1,1,1,1,1,1,1,1,1
367,3,13,"349,350,351,354,358",1,1,1,1,1,1,1,1,3,"control",1,1,1,1,1,1,1,1,1,2,1,1,2,1,1,1,1,1,1,1,1,1,1,1,1,1,1,1,1,1,1,1,1,1,1,1
368,3,13,"348",1,3,2,3,2,2,3,4,1,"pos_social_norm",1,1,1,1,2,1,1,1,1,2,2,1,1,1,1,2,1,2,1,1,1,2,1,1,2,1,1,2,1,1,1,1,1,1,2,1
369,3,13,"359,360,363",1,2,2,3,1,1,1,2,2,"neg_social_norm",1,1,1,1,1,1,1,1,1,1,1,1,1,1,1,1,1,1,1,1,1,1,1,1,1,1,1,1,1,1,1,1,1,1,1,1
